USE biblioteca; 
INSERT INTO autores
    (nome, nacionalidade, data_nascimento)
VALUES
    ('Alana Silveira', 'Brasileira', '1985-04-12'),
('Julian Thorne', 'Britânica', '1972-11-30'),
('Elena Volkov', 'Russa', '1990-01-15'),
('Mateo Fernandez', 'Argentina', '1965-08-22'),
('Kenji Tanaka', 'Japonesa', '1982-03-09'),
('Amara Diop', 'Senegalesa', '1978-07-14'),
('Lucas Montes', 'Portuguesa', '1995-12-05'),
('Sarah O’Connor', 'Irlandesa', '1988-06-18'),
('Dante Alighieri II', 'Italiana', '1950-05-20'),
('Mei Lin', 'Chinesa', '1992-09-27'),
('Oliver Schmidt', 'Alemã', '1975-02-11'),
('Sasha Meyer', 'Austríaca', '1983-10-02'),
('Ravi Varma', 'Indiana', '1968-04-30'),
('Isabella Costa', 'Brasileira', '1998-01-25'),
('Victor Hugo Filho', 'Francesa', '1970-07-07'),
('Sofia Petrova', 'Búlgara', '1986-11-13'),
('Thomas Wright', 'Americana', '1993-03-21'),
('Aisha Hassan', 'Egípcia', '1980-08-08'),
('Miguel de Solis', 'Espanhola', '1962-09-19'),
('Lars Erikson', 'Sueca', '1977-05-14'),
('Carmen Miranda', 'Portuguesa', '1955-02-09'),
('Samuel Beckett Jr.', 'Irlandesa', '1984-04-01'),
('Yara Amaral', 'Brasileira', '1991-06-10'),
('Hans Müller', 'Alemã', '1960-12-25'),
('Chloe Dubois', 'Francesa', '1997-08-30'),
('Pablo Neruda II', 'Chilena', '1973-07-12'),
('Nina Simone', 'Americana', '1989-02-21'),
('Aris Papadopoulos', 'Grega', '1981-10-10'),
('Laila Al-Farsi', 'Omanense', '1994-03-15'),
('Johan Cruyff', 'Holandesa', '1979-04-25'),
('Beatriz Galindo', 'Espanhola', '1987-11-22'),
('Zander Vance', 'Canadense', '1996-01-05'),
('Marta Vieira', 'Brasileira', '1982-02-19'),
('Klaus Vondrak', 'Tcheca', '1967-09-08'),
('Fatima Zahra', 'Marroquina', '1990-05-27'),
('Hiroshi Sato', 'Japonesa', '1974-12-01'),
('Emma Watson', 'Britânica', '1995-04-15'),
('Giovanni Rossi', 'Italiana', '1988-07-20'),
('Bruna Marquez', 'Brasileira', '1993-08-04'),
('Liam Neeson', 'Irlandesa', '1969-06-07'),
('Tariq Aziz', 'Iraquiana', '1971-11-11'),
('Ingrid Bergman', 'Norueguesa', '1985-05-29'),
('Carlos Fuentes', 'Mexicana', '1992-11-11'),
('Sia Furler', 'Australiana', '1980-12-18'),
('Otto Rank', 'Austríaca', '1976-04-22'),
('Helena Troia', 'Grega', '1999-09-09'),
('Zackary Quinto', 'Americana', '1983-06-02'),
('Valentina Tereshkova', 'Russa', '1972-03-06'),
('Jorge Amado Jr.', 'Brasileira', '1964-08-10'),
('Xavier Woods', 'Canadense', '1991-09-04');
INSERT INTO editoras
    (nome_fantasia, pais, contato)
VALUES
    ('Editora Horizonte', 'Brasil','contato@editorahorizonte.com'),
('Global Pages', 'Estados Unidos', 'contato@globalpages.com'),
('Lumière Éditions', 'França', 'contato@lumiere-editions.com'),
('Ediciones del Sol', 'Espanha', 'contato@edicionesdelsol.com'),
('Aliança Literária', 'Portugal', 'contato@aliancaliteraria.com'),
('Kensington Books', 'Reino Unido', 'contato@kensingtonbooks.com'),
('Nordic Tales', 'Suécia', 'contato@nordictales.com'),
('Sakura Press', 'Japão', 'contato@sakurapress.com'),
('Rizzoli Libri', 'Itália', 'contato@rizzolilibri.com'),
('Berlin Buch', 'Alemanha', 'contato@berlinbuch.com'),
('Editora Safira', 'Brasil', 'contato@editorasafira.com'),
('Emerald Publishing', 'Irlanda', 'contato@emeraldpublishing.com'),
('Cactus Editorial', 'México', 'contato@cactuseditorial.com'),
('Snowy Peaks', 'Canadá', 'contato@snowypeaks.com'),
('Astraea Press', 'Grécia', 'contato@astraeapress.com'),
('Desert Rose Books', 'Egito', 'contato@desertrosebooks.com'),
('Steppe Literature', 'Rússia', 'contato@steppeliterature.com'),
('Golden Dragon', 'China', 'contato@goldendragon.com'),
('Maple Leaf', 'Canadá', 'contato@mapleleaf.com'),
('Terra Mater', 'Brasil', 'contato@terramater.com'),
('Silver Quill', 'Austrália', 'contato@silverquill.com'),
('Indigo Books', 'Índia', 'contato@indigobooks.com'),
('Vienna Verse', 'Áustria', 'contato@viennaverse.com'),
('Bruges Books', 'Bélgica', 'contato@brugesbooks.com'),
('Copenhagen Press', 'Dinamarca', 'contato@copenhagenpress.com'),
('Tulip Editions', 'Holanda', 'contato@tulipEditions.com'),
('Pampa Editorial', 'Argentina', 'contato@pampaeditorial.com'),
('Editora Luar', 'Brasil', 'contato@editoraluar.com'),
('Alpine Books', 'Suíça', 'contato@alpinebooks.com'),
('Oslo Ink', 'Noruega', 'contato@osloink.com'),
('Kiwi Reads', 'Nova Zelândia', 'contato@kiwireads.com'),
('Cape Town Books', 'África do Sul', 'contato@capetownbooks.com'),
('Seoul Stories', 'Coreia do Sul', 'contato@seoulstories.com'),
('Andean Pages', 'Chile', 'contato@andeanpages.com'),
('Lisbon Letters', 'Portugal', 'contato@lisbonletters.com'),
('Prague Prints', 'Tchéquia', 'contato@pragueprints.com'),
('Warsaw Words', 'Polônia', 'contato@warsawwords.com'),
('Editora Fênix', 'Brasil', 'contato@editorafenix.com'),
('Dublin Diaries', 'Irlanda', 'contato@dublindiaries.com'),
('Rome Readers', 'Itália', 'contato@romereaders.com'),
('Athens Archive', 'Grécia', 'contato@athensarchive.com'),
('Istanbul Ink', 'Turquia', 'contato@istanbulink.com'),
('Cairo Classics', 'Egito', 'contato@cairoclassics.com'),
('Nairobi Notes', 'Quênia', 'contato@nairobinotes.com'),
('Amazonia Editorial', 'Brasil', 'contato@amazoniaeditorial.com'),
('Santiago Scripts', 'Chile', 'contato@santiagosccripts.com'),
('Bogota Books', 'Colômbia', 'contato@bogotabooks.com'),
('Quebec Quill', 'Canadá', 'contato@quebecquill.com'),
('Madrid Manuscripts', 'Espanha', 'contato@madridmanuscripts.com'),
('Tokyo Tome', 'Japão', 'contato@tokyotome.com');
INSERT INTO categorias 
    (id_categoria, nome_categoria)
VALUES
    (1, 'Romance'),
(2, 'Ficção Científica'),
(3, 'Fantasia'),
(4, 'Terror'),
(5, 'Suspense'),
(6, 'Policial'),
(7, 'Drama'),
(8, 'Aventura'),
(9, 'Biografia'),
(10, 'Autobiografia'),
(11, 'História'),
(12, 'Geografia'),
(13, 'Filosofia'),
(14, 'Psicologia'),
(15, 'Sociologia'),
(16, 'Antropologia'),
(17, 'Arqueologia'),
(18, 'Ciências Políticas'),
(19, 'Economia'),
(20, 'Direito'),
(21, 'Medicina'),
(22, 'Enfermagem'),
(23, 'Farmácia'),
(24, 'Biologia'),
(25, 'Química'),
(26, 'Física'),
(27, 'Matemática'),
(28, 'Astronomia'),
(29, 'Engenharia Civil'),
(30, 'Engenharia de Software'),
(31, 'Informática'),
(32, 'Inteligência Artificial'),
(33, 'Culinária'),
(34, 'Gastronomia'),
(35, 'Autoajuda'),
(36, 'Religião'),
(37, 'Espiritualidade'),
(38, 'Esportes'),
(39, 'Artes'),
(40, 'Fotografia'),
(41, 'Arquitetura'),
(42, 'Design'),
(43, 'Moda'),
(44, 'Poesia'),
(45, 'Teatro'),
(46, 'Quadrinhos'),
(47, 'Infantil'),
(48, 'Juvenil'),
(49, 'Didático'),
(50, 'Dicionário');

INSERT INTO usuarios
    (id_usuario, nome, email, senha)
VALUES
   (1, 'Alice Souza', 'alice.souza@email.com', 'Aliz@2024'),
(2, 'Bruno Oliveira', 'bruno.oli88@email.com', 'Br#un0_99'),
(3, 'Carla Mendes', 'carla.mendes@email.com', 'C@rla_M21'),
(4, 'Diego Fernandes', 'diego.f@email.com', 'D1eg0!Pass'),
(5, 'Elena Rodrigues', 'elena.rod@email.com', 'Ele#na987'),
(6, 'Fabio Santos', 'fabio.santos@email.com', 'F@b1o_S22'),
(7, 'Giovanna Lima', 'giovanna.l@email.com', 'G1o_Lima#'),
(8, 'Henrique Rocha', 'henrique.r@email.com', 'H€nr1qu3_'),
(9, 'Isabela Costa', 'isabela.c@email.com', 'Isa!Bela24'),
(10, 'João Pereira', 'joao.p@email.com', 'J0ao@P123'),
(11, 'Karen Alves', 'karen.alves@email.com', 'K@ren_A01'),
(12, 'Leonardo Silva', 'leo.silva@email.com', 'L3o_S#2024'),
(13, 'Mariana Dias', 'mariana.dias@email.com', 'M@ri_D#99'),
(14, 'Nataniel Gomes', 'natan.gomes@email.com', 'Nat@nG_88'),
(15, 'Olivia Martins', 'olivia.m@email.com', 'Oli_M@rtin'),
(16, 'Paulo Vitor', 'paulo.vitor@email.com', 'P@ul0_V20'),
(17, 'Queren Hapuque', 'queren.h@email.com', 'Qu€r3n_H1'),
(18, 'Rafael Ribeiro', 'rafael.r@email.com', 'R@fa_Rib#0'),
(19, 'Sabrina Nunes', 'sabrina.n@email.com', 'S@brin4_N'),
(20, 'Tiago Lacerda', 'tiago.l@email.com', 'T1ago_Lac#'),
(21, 'Ursula Andrade', 'ursula.a@email.com', 'Ursu_And@'),
(22, 'Vinicius Junior', 'vini.jr@email.com', 'V1ni_Jr#10'),
(23, 'Wagner Moura', 'wagner.m@email.com', 'W@gn3r_M0'),
(24, 'Xuxa Meneghel', 'xuxa.m@email.com', 'Xu_M3negh@'),
(25, 'Yasmin Brunet', 'yasmin.b@email.com', 'Y@smin_B24'),
(26, 'Zeca Pagodinho', 'zeca.p@email.com', 'Z3ca_P@go'),
(27, 'Arthur Morgan', 'arthur.m@email.com', 'Outl@w_123'),
(28, 'Beatriz Ramos', 'beatriz.r@email.com', 'B3a_Ramos!'),
(29, 'Caio Castro', 'caio.c@email.com', 'C@io_C#202'),
(30, 'Daniela Mercury', 'daniela.m@email.com', 'D@ni_M#erc'),
(31, 'Eduardo Costa', 'eduardo.c@email.com', 'Edu_C@st0'),
(32, 'Fernanda Montenegro', 'fer.mont@email.com', 'F€r_Mont3'),
(33, 'Gabriel Medina', 'gabriel.m@email.com', 'G@b_Med1na'),
(34, 'Heloisa Perisse', 'helo.p@email.com', 'H€lo_P#202'),
(35, 'Igor Cavalera', 'igor.c@email.com', 'Ig0r_C@v1'),
(36, 'Juliana Paes', 'juliana.p@email.com', 'Ju_P@es#24'),
(37, 'Kleber Glad', 'kleber.g@email.com', 'Kl€ber_Gl'),
(38, 'Larissa Manoela', 'larissa.m@email.com', 'L@ri_M@n0'),
(39, 'Murilo Benicio', 'murilo.b@email.com', 'Muri_B€n1'),
(40, 'Nathalia Dill', 'nathalia.d@email.com', 'N@th_Dill!'),
(41, 'Otavio Mesquita', 'otavio.m@email.com', 'Ot@v1o_M€s'),
(42, 'Patricia Poeta', 'patricia.p@email.com', 'P@tr_P0et@'),
(43, 'Queiroz Galvão', 'queiroz.g@email.com', 'Qu€ir_G@lv'),
(44, 'Rodrigo Faro', 'rodrigo.f@email.com', 'R0d_F@ro#1'),
(45, 'Sandra Annenberg', 'sandra.a@email.com', 'S@ndr@_Ann'),
(46, 'Tais Araujo', 'tais.a@email.com', 'T@is_Ar#uj'),
(47, 'Ulysses Guimarães', 'ulysses.g@email.com', 'Uly_Guim@r'),
(48, 'Vera Fischer', 'vera.f@email.com', 'V€ra_F1sch'),
(49, 'Wilson Simoninha', 'wilson.s@email.com', 'Wils_S1m0'),
(50, 'Zezé Motta', 'zeze.m@email.com', 'Z€ze_M0tt@');
INSERT INTO funcionarios
    (id_funcionario, nome, cargo, salario)
VALUES
    (1, 'Ricardo Almeida', 'Bibliotecário Chefe', 5500.00),
    (2, 'Fernanda Souza', 'Assistente de Biblioteca', 2800.00),
    (3, 'Carlos Magno', 'Auxiliar Administrativo', 2500.00),
    (4, 'Marina Silva', 'Catalogador', 3200.00),
    (5, 'Jorge Luiz', 'Segurança', 2200.00),
    (6, 'Ana Beatriz', 'Recepcionista', 2100.00),
    (7, 'Roberto Carlos', 'Gerente de TI', 6000.00),
    (8, 'Sandra Mara', 'Auxiliar de Limpeza', 1800.00),
    (9, 'Tiago Abravanel', 'Arquivista', 3100.00),
    (10, 'Patrícia Pillar', 'Diretora Geral', 8500.00),
    (11, 'Marcos Pasquim', 'Técnico em Informática', 3500.00),
    (12, 'Glória Pires', 'Curadora de Acervo', 4800.00),
    (13, 'Antônio Fagundes', 'Restaurador de Livros', 4200.00),
    (14, 'Letícia Spiller', 'Coordenadora de Eventos', 4000.00),
    (15, 'Lázaro Ramos', 'Analista de Sistemas', 5800.00),
    (16, 'Taís Araújo', 'Relações Públicas', 4500.00),
    (17, 'Cauã Reymond', 'Atendente', 2000.00),
    (18, 'Paolla Oliveira', 'Secretária Executiva', 3800.00),
    (19, 'Rodrigo Lombardi', 'Segurança Patrimonial', 2200.00),
    (20, 'Cláudia Raia', 'Gestora de Projetos', 6200.00),
    (21, 'Murilo Benício', 'Auxiliar de Almoxarifado', 2300.00),
    (22, 'Giovanna Antonelli', 'Marketing Cultural', 4700.00),
    (23, 'Alexandre Nero', 'Tesoureiro', 4100.00),
    (24, 'Deborah Secco', 'Auxiliar de Escritório', 2400.00),
    (25, 'Mateus Solano', 'Especialista em Pesquisa', 3900.00),
    (26, 'Alinne Moraes', 'Monitora de Sala', 1950.00),
    (27, 'Reynaldo Gianecchini', 'Designer Gráfico', 3600.00),
    (28, 'Mariana Ximenes', 'Bibliotecária Noturna', 3300.00),
    (29, 'Tony Ramos', 'Supervisor de Manutenção', 2900.00),
    (30, 'Susana Vieira', 'Ouvidora', 3500.00),
    (31, 'Fábio Assunção', 'Motorista', 2600.00),
    (32, 'Adriana Esteves', 'Controladora de Acesso', 1900.00),
    (33, 'Vladimir Brichta', 'Suporte Técnico', 3400.00),
    (34, 'Isis Valverde', 'Estagiária de Letras', 1200.00),
    (35, 'Bruno Gagliasso', 'Social Media', 3000.00),
    (36, 'Grazi Massafera', 'Recepcionista Bilíngue', 2800.00),
    (37, 'Caio Castro', 'Repositor de Estantes', 1850.00),
    (38, 'Fernanda Montenegro', 'Consultora de Literatura', 7000.00),
    (39, 'Lima Duarte', 'Zelador', 2100.00),
    (40, 'Regina Casé', 'Animadora Cultural', 3200.00),
    (41, 'Selton Mello', 'Produtor de Conteúdo', 4300.00),
    (42, 'Wagner Moura', 'Analista de Segurança', 5000.00),
    (43, 'Alice Braga', 'Tradutora', 4600.00),
    (44, 'Rodrigo Santoro', 'Coordenador Internacional', 7500.00),
    (45, 'Leandra Leal', 'Assistente Social', 3700.00),
    (46, 'Camila Pitanga', 'Gestora de RH', 5900.00),
    (47, 'Lulu Santos', 'Sonoplasta de Eventos', 3100.00),
    (48, 'Ivete Sangalo', 'Mestre de Cerimônias', 5500.00),
    (49, 'Chico Buarque', 'Revisor de Textos', 4400.00),
    (50, 'Gilberto Gil', 'Assessor de Cultura', 6800.00);
INSERT INTO livros
    (id_livro, titulo, fk_autor, fk_editora, fk_categoria, isbn, ano_publicado)
VALUES
    (1, 'O Enigma do Horizonte', 1, 1, 1, '978-85-0001-1', 2015),
    (2, 'Sombras de Londres', 2, 2, 2, '978-85-0002-2', 1998),
    (3, 'O Vazio Estelar', 3, 3, 3, '978-85-0003-3', 2021),
    (4, 'Labirinto de Espelhos', 4, 4, 4, '978-85-0004-4', 2005),
    (5, 'Crônicas de Quioto', 5, 5, 5, '978-85-0005-5', 2010),
    (6, 'O Chamado da Savana', 6, 6, 6, '978-85-0006-6', 2018),
    (7, 'Navegantes do Tejo', 7, 7, 7, '978-85-0007-7', 2023),
    (8, 'Segredos do Trevo', 8, 8, 8, '978-85-0008-8', 2012),
    (9, 'Inferno Contemporâneo', 9, 9, 9, '978-85-0009-9', 2000),
    (10, 'A Muralha de Jade', 10, 10, 10, '978-85-0010-0', 2017),
    (11, 'O Código de Berlim', 11, 11, 11, '978-85-0011-1', 2009),
    (12, 'Valsa de Viena', 12, 12, 12, '978-85-0012-2', 2014),
    (13, 'O Rio Sagrado', 13, 13, 13, '978-85-0013-3', 2003),
    (14, 'Caminhos de Minas', 14, 14, 14, '978-85-0014-4', 2020),
    (15, 'Os Miseráveis de Lyon', 15, 15, 15, '978-85-0015-5', 1995),
    (16, 'A Neve de Sófia', 16, 16, 16, '978-85-0016-6', 2011),
    (17, 'Sonho Americano', 17, 17, 17, '978-85-0017-7', 2022),
    (18, 'Areias do Cairo', 18, 18, 18, '978-85-0018-8', 2008),
    (19, 'O Sol de Madrid', 19, 19, 19, '978-85-0019-9', 1985),
    (20, 'Aurora Boreal', 20, 20, 20, '978-85-0020-0', 2016),
    (21, 'Fado de Lisboa', 21, 21, 21, '978-85-0021-1', 1992),
    (22, 'O Silêncio de Dublin', 22, 22, 22, '978-85-0022-2', 2007),
    (23, 'Raízes da Amazônia', 23, 23, 23, '978-85-0023-3', 2019),
    (24, 'O Deserto de Atacama', 24, 24, 24, '978-85-0024-4', 2006),
    (25, 'Luzes de Paris', 25, 25, 25, '978-85-0025-5', 2024),
    (26, 'Canto Geral do Chile', 26, 26, 26, '978-85-0026-6', 1999),
    (27, 'O Jazz da Meia-Noite', 27, 27, 27, '978-85-0027-7', 2013),
    (28, 'O Oráculo de Delfos', 28, 28, 28, '978-85-0028-8', 2004),
    (29, 'Ventos de Mascate', 29, 29, 29, '978-85-0029-9', 2021),
    (30,'Canais de Amsterdã', 30, 30, 30, '978-85-0030-0', 2001),
    (31,'Biblioteca de Castela', 31, 31, 31, '978-85-0031-1', 2014),
    (32,'Gelo de Ontário', 32, 32, 32, '978-85-0032-2', 2018),
    (33,'O Gol de Ouro', 33, 33, 33, '978-85-0033-3', 2012),
    (34,'Ponte de Praga', 34, 34, 34, '978-85-0034-4', 1996),
    (35,'O Atlas de Marrakesh', 35, 35, 35, '978-85-0035-5', 2020),
    (36,'O Samurai de Edo', 36, 36, 36, '978-85-0036-6', 1988),
    (37,'Mistérios de Oxford', 37, 37, 37, '978-85-0037-7', 2015),
    (38,'Renascimento Florentino', 38, 38, 38, '978-85-0038-8', 2006),
    (39,'O Sertão Vai Virar Mar', 39, 39, 39, '978-85-0039-9', 2010),
    (40,'Sombras de Galway', 40, 40, 40, '978-85-0040-0', 1994),
    (41,'Jardins da Babilônia', 41, 41, 41, '978-85-0041-1', 2022),
    (42,'Fiordes de Oslo', 42, 42, 42, '978-85-0042-2', 1982),
    (43,'O Labirinto Asteca', 43, 43, 43, '978-85-0043-3', 2017),
    (44,'O Canto da Austrália', 44, 44, 44, '978-85-0044-4', 2002),
    (45,'Montanhas do Tirol', 45, 45, 45, '978-85-0045-5', 1991),
    (46,'O Cavalo de Troia', 46, 46, 46, '978-85-0046-6', 2023),
    (47,'Manhattan 4am', 47, 47, 47, '978-85-0047-7', 2009),
    (48,'Estrela Vermelha', 48, 48, 48, '978-85-0048-8', 1978),
    (49,'O Menino do Pelourinho', 49, 49, 49, '978-85-0049-9', 1989),
    (50,'Trilhas de Vancouver', 50, 50, 50, '978-85-0050-0', 2016);
INSERT INTO exemplares
    (id_exemplar, fk_livro, fk_funcionario, data_aquisicao)
VALUES
    (1, 1, 10, '2024-01-10'),
(2, 2, 5, '2024-01-12'),
(3, 3, 1, '2024-01-15'),
(4, 4, 12, '2024-01-20'),
(5, 8, 5, '2024-02-01'),
(6, 15, 6, '2024-02-05'),
(7, 3, 7, '2024-02-10'),
(8, 20, 8, '2024-02-15'),
(9, 7, 9, '2024-02-20'),
(10, 30, 10, '2024-03-01'),
(11, 2, 11, '2024-03-05'),
(12, 18, 12, '2024-03-10'),
(13, 25, 13, '2024-03-12'),
(14, 4, 14, '2024-03-15'),
(15, 9, 15, '2024-03-20'),
(16, 14, 16, '2024-03-25'),
(17, 35, 17, '2024-04-01'),
(18, 6, 18, '2024-04-05'),
(19, 22, 19, '2024-04-10'),
(20, 11, 20, '2024-04-15'),
(21, 28, 21, '2024-04-20'),
(22, 13, 22, '2024-05-01'),
(23, 40, 23, '2024-05-05'),
(24, 17, 24, '2024-05-10'),
(25, 21, 25, '2024-05-15'),
(26, 33, 26, '2024-05-20'),
(27, 45, 27, '2024-05-25'),
(28, 16, 28, '2024-06-01'),
(29, 50, 29, '2024-06-05'),
(30, 24, 30, '2024-06-10'),
(31, 19, 31, '2024-06-15'),
(32, 27, 32, '2024-06-20'),
(33, 31, 33, '2024-07-01'),
(34, 39, 34, '2024-07-05'),
(35, 42, 35, '2024-07-10'),
(36, 48, 36, '2024-07-15'),
(37, 23, 37, '2024-07-20'),
(38, 44, 38, '2024-08-01'),
(39, 26, 39, '2024-08-05'),
(40, 37, 40, '2024-08-10'),
(41, 46, 41, '2024-08-15'),
(42, 29, 42, '2024-08-20'),
(43, 32, 43, '2024-09-01'),
(44, 41, 44, '2024-09-05'),
(45, 47, 45, '2024-09-10'),
(46, 34, 46, '2024-09-15'),
(47, 49, 47, '2024-09-20'),
(48, 36, 48, '2024-10-01'),
(49, 38, 49, '2024-10-05'),
(50, 43, 50, '2024-10-10');
INSERT INTO emprestimos
    (id_emprestimo, fk_usuario, fk_exemplar, data_saida, data_devolucao_prevista)
VALUES
    (1, 10, 1, '2026-01-05', '2026-01-12'),
(2, 5, 2, '2026-01-07', '2026-01-14'),
(3, 1, 3, '2026-01-10', '2026-01-17'),
(4, 12, 4, '2026-01-15', '2026-01-22'),
(5, 8, 5, '2026-01-20', '2026-01-27'),
(6, 15, 6, '2026-01-25', '2026-02-01'),
(7, 3, 7, '2026-02-01', '2026-02-08'),
(8, 20, 8, '2026-02-05', '2026-02-12'),
(9, 7, 9, '2026-02-10', '2026-02-17'),
(10, 30, 10, '2026-02-15', '2026-02-22'),
(11, 2, 11, '2026-02-20', '2026-02-27'),
(12, 18, 12, '2026-03-01', '2026-03-08'),
(13, 25, 13, '2026-03-05', '2026-03-12'),
(14, 4, 14, '2026-03-10', '2026-03-17'),
(15, 9, 15, '2026-03-15', '2026-03-22'),
(16, 14, 16, '2026-03-20', '2026-03-27'),
(17, 35, 17, '2026-04-01', '2026-04-08'),
(18, 6, 18, '2026-04-05', '2026-04-12'),
(19, 22, 19, '2026-04-10', '2026-04-17'),
(20, 11, 20, '2026-04-15', '2026-04-22'),
(21, 28, 21, '2026-04-20', '2026-04-27'),
(22, 13, 22, '2026-05-01', '2026-05-08'),
(23, 40, 23, '2026-05-05', '2026-05-12'),
(24, 17, 24, '2026-05-10', '2026-05-17'),
(25, 21, 25, '2026-05-15', '2026-05-22'),
(26, 33, 26, '2026-05-20', '2026-05-27'),
(27, 45, 27, '2026-05-25', '2026-06-01'),
(28, 16, 28, '2026-06-01', '2026-06-08'),
(29, 50, 29, '2026-06-05', '2026-06-12'),
(30, 24, 30, '2026-06-10', '2026-06-17'),
(31, 19, 31, '2026-06-15', '2026-06-22'),
(32, 27, 32, '2026-06-20', '2026-06-27'),
(33, 31, 33, '2026-07-01', '2026-07-15'),
(34, 39, 34, '2026-07-05', '2026-07-19'),
(35, 42, 35, '2026-07-10', '2026-07-24'),
(36, 48, 36, '2026-07-15', '2026-07-29'),
(37, 23, 37, '2026-07-20', '2026-08-03'),
(38, 44, 38, '2026-08-01', '2026-08-15'),
(39, 26, 39, '2026-08-05', '2026-08-19'),
(40, 37, 40, '2026-08-10', '2026-08-24'),
(41, 46, 41, '2026-08-15', '2026-08-29'),
(42, 29, 42, '2026-08-20', '2026-09-03'),
(43, 32, 43, '2026-09-01', '2026-09-15'),
(44, 41, 44, '2026-09-05', '2026-09-19'),
(45, 47, 45, '2026-09-10', '2026-09-24'),
(46, 34, 46, '2026-09-15', '2026-09-29'),
(47, 49, 47, '2026-09-20', '2026-10-04'),
(48, 36, 48, '2026-10-01', '2026-10-15'),
(49, 38, 49, '2026-10-05', '2026-10-19'),
(50, 43, 50, '2026-10-10', '2026-10-24');
INSERT INTO devolucoes
    (id_devolucao, fk_emprestimo, fk_funcionario, data_real_entrega)
VALUES
    (1, 2, 1, '2026-01-12'),
(2, 5, 2, '2026-01-14'),
(3, 8, 3, '2026-01-17'),
(4, 11, 4, '2026-01-22'),
(5, 14, 5, '2026-01-27'),
(6, 17, 6, '2026-02-01'),
(7, 20, 7, '2026-02-08'),
(8, 23, 8, '2026-02-12'),
(9, 26, 9, '2026-02-17'),
(10, 29, 10, '2026-02-22'),
(11, 32, 11, '2026-02-27'),
(12, 35, 12, '2026-03-08'),
(13, 38, 13, '2026-03-12'),
(14, 41, 14, '2026-03-17'),
(15, 44, 15, '2026-03-22'),
(16, 47, 16, '2026-03-27'),
(17, 50, 17, '2026-04-08'),
(18, 1, 18, '2026-04-12'),
(19, 4, 19, '2026-04-17'),
(20, 7, 20, '2026-04-22'),
(21, 10, 21, '2026-04-27'),
(22, 13, 22, '2026-05-08'),
(23, 16, 23, '2026-05-12'),
(24, 19, 24, '2026-05-17'),
(25, 22, 25, '2026-05-22'),
(26, 25, 26, '2026-05-27'),
(27, 28, 27, '2026-06-01'),
(28, 31, 28, '2026-06-08'),
(29, 34, 29, '2026-06-12'),
(30, 37, 30, '2026-06-17'),
(31, 40, 31, '2026-06-22'),
(32, 43, 32, '2026-06-27'),
(33, 46, 33, '2026-07-16'), -- Atraso de 1 dia
(34, 49, 34, '2026-07-20'), -- Atraso de 1 dia
(35, 3, 35, '2026-07-25'),  -- Atraso de 1 dia
(36, 6, 36, '2026-07-30'),  -- Atraso de 1 dia
(37, 9, 37, '2026-08-05'),  -- Atraso de 2 dias
(38, 12, 38, '2026-08-15'),
(39, 15, 39, '2026-08-19'),
(40, 18, 40, '2026-08-24'),
(41, 21, 41, '2026-08-29'),
(42, 24, 42, '2026-09-03'),
(43, 27, 43, '2026-09-17'), -- Atraso de 2 dias
(44, 30, 44, '2026-09-21'), -- Atraso de 2 dias
(45, 33, 45, '2026-09-24'),
(46, 36, 46, '2026-09-29'),
(47, 39, 47, '2026-10-04'),
(48, 42, 48, '2026-10-15'),
(49, 45, 49, '2026-10-19'),
(50, 48, 50, '2026-10-24');
INSERT INTO multas
    (id_multa, fk_emprestimo, valor_multa, data_pagamento)
VALUES
    (1, 5, 5.00, '2026-01-15'),
(2, 2, 0.00, NULL),
(3, 3, 2.50, '2026-01-20'),
(4, 4, 10.00, NULL),
(5, 5, 0.00, NULL),
(6, 6, 15.50, '2026-02-05'),
(7, 7, 3.00, '2026-02-10'),
(8, 8, 0.00, NULL),
(9, 9, 7.25, '2026-02-20'),
(10, 10, 0.00, NULL),
(11, 11, 4.50, '2026-03-01'),
(12, 12, 12.00, NULL),
(13, 13, 0.00, NULL),
(14, 14, 2.00, '2026-03-20'),
(15, 15, 8.50, '2026-03-25'),
(16, 16, 0.00, NULL),
(17, 17, 25.00, NULL),
(18, 18, 5.00, '2026-04-15'),
(19, 19, 0.00, NULL),
(20, 20, 3.50, '2026-04-25'),
(21, 21, 0.00, NULL),
(22, 22, 10.00, '2026-05-10'),
(23, 23, 0.00, NULL),
(24, 24, 6.50, '2026-05-20'),
(25, 25, 0.00, NULL),
(26, 26, 4.00, '2026-05-30'),
(27, 27, 0.00, NULL),
(28, 28, 15.00, NULL),
(29, 29, 0.00, NULL),
(30, 30, 2.00, '2026-06-20'),
(31, 31, 0.00, NULL),
(32, 32, 9.00, '2026-07-01'),
(33, 33, 2.50, '2026-07-18'),
(34, 34, 2.50, '2026-07-22'),
(35, 35, 2.50, NULL),
(36, 36, 2.50, '2026-08-01'),
(37, 37, 5.00, '2026-08-07'),
(38, 38, 0.00, NULL),
(39, 39, 0.00, NULL),
(40, 40, 0.00, NULL),
(41, 41, 12.50, '2026-09-05'),
(42, 42, 0.00, NULL),
(43, 43, 5.00, '2026-09-19'),
(44, 44, 5.00, NULL),
(45, 45, 0.00, NULL),
(46, 46, 0.00, NULL),
(47, 47, 0.00, NULL),
(48, 48, 18.00, NULL),
(49, 49, 0.00, NULL),
(50, 50, 0.00, NULL);